,0,1,2,3,4,5,6,7,8,9,10,11,12,13,14,15,16,17,18,19,20,21,22,23,24,25,26,27,28,29,30,31,32,33,34,35,36,37,38,39,40
0,"('Is there a red sandal here?', 1.0)","('Is there a red sandal?', 0.99)","('Is red sandal here?', 0.97)","('Is there a red sand here?', 0.91)",,,,,,,,,,,,,,,,,,,,,,,,,,,,,,,,,,,,,
1,"('What color is the bike?', 1.0)","('What color is your bike?', 0.98)","('What is the color of the bike?', 0.97)","(""What's the color of the bike?"", 0.96)","('What color is the bicycle?', 0.96)","('What color is this bicycle?', 0.95)","('What color was the bicycle?', 0.95)","('What color is that bicycle?', 0.94)","('What color is a bicycle?', 0.94)","('What color does this bicycle have?', 0.94)","('What is the colour of the bike?', 0.93)","('What is the color of the bicycle?', 0.93)","('What is the color of a bicycle?', 0.92)",,,,,,,,,,,,,,,,,,,,,,,,,,,,
2,"('Where is the dog laying?', 1.0)","(""Where's the dog lay?"", 0.98)","(""Where's the dog lying down?"", 0.96)","(""Where's the dog lying?"", 0.95)","('Where is the dog lying?', 0.95)","('Where will the dogs lay?', 0.92)","(""Where's the dog lie?"", 0.91)",,,,,,,,,,,,,,,,,,,,,,,,,,,,,,,,,,
3,"('Is this a child room?', 1.0)","(""Is this a child's room?"", 0.97)","(""Was this a child's room?"", 0.97)","(""Is that a child's room?"", 0.96)","(""Is this really a child's room?"", 0.96)","('Is this a room for children?', 0.95)","(""Is this the child's room?"", 0.95)","(""Is this a kid's room?"", 0.95)","('Is the child in such a room?', 0.94)","(""Is it a children's room?"", 0.94)","('Is it a room for children?', 0.94)","('Was this child in the room?', 0.94)","('Is that child a room?', 0.94)","(""Is this a children's room?"", 0.94)","(""Is this the children's room?"", 0.94)","('Is this child in the room?', 0.94)","('Is it a room for a child?', 0.94)","('Is this child in a room?', 0.93)","('So, then, is that child in that room?', 0.93)","('Is this child a room?', 0.93)","('Is it a room where a child lives?', 0.91)","('Was this child inside the room?', 0.91)",,,,,,,,,,,,,,,,,,,
4,"('What kind of animal are shown?', 1.0)","('What kind of animal is shown?', 1.0)","('What type of animal is shown?', 0.99)","('What kind of animal was shown?', 0.99)","('What kind of animal is being shown?', 0.98)","('What animal is shown?', 0.98)","('What kind of animal is displayed?', 0.96)","('What kind of animal is it showing?', 0.95)","('What kind of animal is it displayed?', 0.95)","('What kind of animal displayed?', 0.95)","('Which animal is shown?', 0.95)","('What kind of animal is showing?', 0.94)","('What kind of animal is represented?', 0.94)","('What kind of animal are they showing?', 0.93)","('What kind of animal does it show?', 0.93)","('What kind of animal is indicated?', 0.92)","('Which animal has been shown?', 0.92)","('What kind of animal is manifested?', 0.91)",,,,,,,,,,,,,,,,,,,,,,,
5,"('How many yellow vases?', 1.0)","('How many yellow vases do you have?', 0.95)",,,,,,,,,,,,,,,,,,,,,,,,,,,,,,,,,,,,,,,
6,"(""What color is the tip of the birds' tails?"", 1.0)","(""Which color is the tip of the birds'tails?"", 0.99)","(""What color is the tip of birds'tails?"", 0.99)","('What color is the tip of the bird tails?', 0.98)","('What color is the tip of the tails of the birds?', 0.96)","(""What color is the tip of the bird's tails?"", 0.96)","(""What color is the top of the birds' tails?"", 0.95)","('What color is the tip of the tail of birds?', 0.95)","('What color is the tip of the tail of the birds?', 0.95)","(""What is the color at the tip of the birds'tail?"", 0.94)","('What color is the tip of the bird tail?', 0.93)","(""What color are the birds' tails?"", 0.93)","(""What is the color of the bird's tails?"", 0.93)","(""What color is the tip of a bird's tail?"", 0.93)","('What is the colour of the tip of the tail of birds?', 0.92)","(""What color is the tip of the bird's tail?"", 0.92)","(""What is the color of the bird's tail?"", 0.92)","('What color does the tail of these birds have?', 0.92)","('What is the color of the tail of the bird?', 0.91)",,,,,,,,,,,,,,,,,,,,,,
7,"('What color is the wall?', 1.0)","('What color is that wall?', 0.99)","('What color was the wall?', 0.99)","('What color of the wall?', 0.99)","('What color does the wall have?', 0.98)","('What is the color of the Wall?', 0.98)","('What is the color of the wall?', 0.98)","('What color does that wall have?', 0.97)","('What were the color of the wall?', 0.97)","('Which color of the wall?', 0.97)","('What color does this wall have?', 0.97)","('What is the color on the wall?', 0.96)","(""What's the color of that wall?"", 0.96)","('What is the colour of the wall?', 0.94)","('What color does the walls represent?', 0.93)",,,,,,,,,,,,,,,,,,,,,,,,,,
8,"('Is the catcher wearing safety gear?', 1.0)","('Is the catcher wearing safety equipment?', 0.97)","('Is the catcher wearing the safety equipment?', 0.95)","('Does the catcher wear safety equipment?', 0.95)",,,,,,,,,,,,,,,,,,,,,,,,,,,,,,,,,,,,,
9,"('How many dishes of food are in the picture?', 1.0)","('How many food dishes are in the picture?', 0.99)","('How many dishes of food are here?', 0.95)",,,,,,,,,,,,,,,,,,,,,,,,,,,,,,,,,,,,,,
10,"('How do you turn on the cold water?', 1.0)","('How do you turn on cold water?', 0.99)","('How do you turn the cold water on?', 0.97)","('How do you turn cold water on?', 0.96)","('How do you turn the cold water?', 0.96)","('How to turn on cold water?', 0.96)","('How can you turn on cold water?', 0.95)","('How do you turn to the cold water?', 0.93)","('How do you turn to cold water?', 0.92)","('How do you turn to this cold water?', 0.91)","('How can you turn to the cold water?', 0.91)","('How do you turn in cold water?', 0.91)",,,,,,,,,,,,,,,,,,,,,,,,,,,,,
11,"('Do you think the two boys are brothers?', 1.0)","('Do you think that these two boys are brothers?', 1.0)","('Do you think these two boys are brothers?', 1.0)","('Do you think those two boys are brothers?', 1.0)","('You think these two boys are brothers?', 0.99)","('Do you think that these two boys were brothers?', 0.99)","('Do you think these two boys were brothers?', 0.99)","('Do you think these two young men are brothers?', 0.99)","('Do you believe that these two sons are brothers?', 0.98)","('Do you think these two sons are brothers?', 0.98)","('Do you think that the two young men are brothers?', 0.98)","('Do you think that both boys are brothers?', 0.98)","('Do you think that these two sons are brothers?', 0.98)","('Do you think these two guys are brothers?', 0.98)","('Do you think these boys are brothers?', 0.98)","('You think those two boys are brothers?', 0.98)","('Do you think that these boys were brothers?', 0.98)","('Do you think of these boys as brothers?', 0.97)","('Are these two boys brothers?', 0.97)","('Do you think of these two sons as brothers?', 0.97)","('Do you think that these two men are brothers?', 0.97)","('Do you think that these two sons were brothers?', 0.97)","('Do you think these boys were brothers?', 0.97)","('Do you think these two children are brothers?', 0.96)","('Do you think that the two of these brothers are brothers?', 0.96)","('You think those two guys are brothers?', 0.96)","('Do you think that these two brothers are brothers?', 0.96)","('Do you think these young men were brothers?', 0.96)","('Do you think they are two young brothers?', 0.96)","('Do you think these two brothers were brothers?', 0.96)","('You think these two guys are brothers?', 0.96)","('Do you feel that these two children are brothers?', 0.96)","('Do you think that these two children are brothers?', 0.96)","('Do you think these two men were brothers?', 0.96)","('You think these guys are brothers?', 0.96)","('How do you think these two men were brothers?', 0.95)","('Do you think that they are brothers?', 0.94)","('Do you think they are their two brothers?', 0.93)","('Do you think these two brothers were?', 0.93)","(""Do you think that these brothers a man's brother?"", 0.91)","('Do you think of these two brothers?', 0.91)"
12,"('What drink is shown?', 1.0)","('What drink was shown?', 0.99)","('What kind of drink is shown?', 0.98)","('What drink is being shown?', 0.97)","('What is the drink shown?', 0.96)","('Which drink is shown?', 0.95)","('What drink is represented?', 0.94)","('What drink is indicated?', 0.94)","('What drinks are shown?', 0.94)","('What kind of drink is presented?', 0.94)","('What drinking is shown?', 0.93)","('What drinking was shown?', 0.93)","('What drinks are indicated?', 0.92)","('What kind of drink is displayed?', 0.92)","('What drink are they showing?', 0.92)","(""What's the drink showing?"", 0.91)","('What kind of drinking is displayed?', 0.91)","('What kind of drink are you presenting?', 0.91)",,,,,,,,,,,,,,,,,,,,,,,
13,"('Is the bear sitting?', 1.0)","('Is the bear sit?', 0.99)","('Does the bear sit?', 0.98)","('Is the bear seated?', 0.98)","('Was the bear seated?', 0.98)","('Is the bear sitting down?', 0.97)","('Is that the bear sitting down?', 0.96)","('Does the bear sit down?', 0.95)","('Has the bear been seated?', 0.95)","('Has the bear sat down?', 0.93)",,,,,,,,,,,,,,,,,,,,,,,,,,,,,,,
14,"('Is the man cooking at home?', 1.0)","('Was this man cooking at home?', 1.0)","('Is this guy cooking at home?', 1.0)","('Is this man cooking at home?', 1.0)","('Is this man at home cooking?', 0.99)","('Is the man being cooking at home?', 0.99)","('Does this man cook at home?', 0.98)","('Is this a man cook at home?', 0.98)","('Did the man cook at home?', 0.98)","('Does the man cook at home?', 0.98)","('Is the man cooking food at home?', 0.97)","('Was the man cooking at his home?', 0.97)","('Was he cooking at home?', 0.96)","('Does he cook at home?', 0.96)","('Did he cook at home?', 0.95)","('Does the man cook a meal at home?', 0.95)","('Was the man making cooking at home?', 0.95)","('Is this man home cooking?', 0.95)","('Is this guy cooking in the house?', 0.94)","('This man cooks at home?', 0.94)","('Does this person cook at home?', 0.91)",,,,,,,,,,,,,,,,,,,,
15,"('What are the men sitting on?', 1.0)","('What are these men sitting on?', 0.99)","('What do the men sit on?', 0.98)","('What are men sitting on?', 0.98)","('What were these men sitting on?', 0.98)","('What did the men sit on?', 0.97)","('What do men sit on?', 0.97)","('What are the men sitting on it?', 0.97)","('What men were sitting on what?', 0.96)","('What are those guys sitting on?', 0.96)","('What were the men sitting on it?', 0.96)","('What men sit on?', 0.96)","('On what do these men sit?', 0.95)","('What were the men sitting?', 0.95)","('On what do the men sit?', 0.95)","('What are the men sitting down?', 0.94)","('For what are men sitting?', 0.94)","('What are the men who were seated on?', 0.94)","('On what are those men seated?', 0.94)","('What are men sitting with him?', 0.94)","('What are the men sitting in?', 0.93)","('On what were these men seated?', 0.93)","('On what did the men sit?', 0.93)","('What are the men who sit down?', 0.92)","('What men are seated?', 0.92)","('What were the men sitting down?', 0.92)","('Where are the men sitting?', 0.92)","('What are the men sitting about?', 0.92)","('What are these men sitting down?', 0.92)","('What were the men seated?', 0.92)","('What are those men sitting down?', 0.92)","('What were the men sitting there?', 0.91)","('What are men sitting in front of us?', 0.91)","('Where are the men seated?', 0.91)","('To what were those men seated?', 0.91)","('What were men sitting there?', 0.91)","('Where do men sit down?', 0.91)",,,,
16,"('What time is it?', 1.0)","('What time is that?', 0.99)","('What time is this?', 0.98)","('What time was that?', 0.97)","('What time?', 0.97)","('What is that time?', 0.94)","('What is the time?', 0.91)",,,,,,,,,,,,,,,,,,,,,,,,,,,,,,,,,,
17,"('Who are the men in black?', 1.0)","('Who were the men in black?', 0.99)","('Who are the men who are in black?', 0.98)","('Who are those men in black?', 0.98)","('Who are men in black?', 0.98)","('Who are the men black?', 0.97)","('Who are the black men?', 0.97)","('Who were the black men?', 0.96)","('Who are black men?', 0.96)","('Who are men of black?', 0.96)","('Who are these black men?', 0.96)","('Who Are black men?', 0.96)","('Who are those black men?', 0.96)","('Who were black men?', 0.95)","('Who are the men black men?', 0.95)","(""Who's the man in black?"", 0.95)","('Who were these black men?', 0.95)","('Who are the men among the black people?', 0.93)",,,,,,,,,,,,,,,,,,,,,,,
18,"('Overcast or sunny?', 1.0)","('The sky overcast or sunny?', 0.96)",,,,,,,,,,,,,,,,,,,,,,,,,,,,,,,,,,,,,,,
19,"('Are the streetlamps on?', 1.0)","('Are the street lights on?', 0.92)","('Are the street lamps on?', 0.92)","('Is the streetlight on?', 0.91)","('Are the streetlights on?', 0.91)",,,,,,,,,,,,,,,,,,,,,,,,,,,,,,,,,,,,
20,"(""What color is the man's jacket?"", 1.0)","(""What color is that man's jacket?"", 1.0)","(""What color was that man's jacket?"", 0.99)","(""What color is a man's jacket?"", 0.99)","(""What color does the man's jacket have?"", 0.99)","(""What color is man's jacket?"", 0.99)","(""What was the color of a man's jacket?"", 0.98)","(""What was the color of this man's jacket?"", 0.98)","('What color is his jacket?', 0.97)","('What color is the male jacket?', 0.95)","('What is the color of the male jacket?', 0.94)","('What color is the jacket man?', 0.94)","('What color is the jacket?', 0.93)","('What color is that jacket?', 0.92)","(""What color is the man's coat?"", 0.91)",,,,,,,,,,,,,,,,,,,,,,,,,,
21,"('What food item is shown?', 1.0)","('What food items are shown?', 0.98)","('What is the food item shown?', 0.98)","('Which food item is displayed?', 0.97)","('What food item is displayed?', 0.97)","('What food is shown?', 0.95)","('Which food item will be shown?', 0.94)","('What kind of food is shown?', 0.94)","('What food is presented?', 0.93)","('What food is represented?', 0.93)","('What food was shown?', 0.93)","('What food element is shown?', 0.92)","('What food is indicated?', 0.92)","('What food is mentioned?', 0.91)","('What food is being shown?', 0.91)","('What food was manifested?', 0.91)",,,,,,,,,,,,,,,,,,,,,,,,,
22,"('Is there a dog?', 1.0)","('Is there a dog here?', 0.97)","('Was it a dog?', 0.96)","('Is a dog?', 0.95)","('Do you have a dog?', 0.95)","('Is there a dog in it?', 0.95)","('Does the dog have a dog?', 0.95)","('Does he have a dog?', 0.94)","(""Isn't there a dog?"", 0.94)","('Is there a dogs?', 0.94)","('Is there a dog in there?', 0.93)","('Are there dogs?', 0.93)","('Is the dog?', 0.92)",,,,,,,,,,,,,,,,,,,,,,,,,,,,
23,"('Is he a professional athlete?', 1.0)","('Was he a professional athlete?', 0.99)","('Is it a professional athlete?', 0.95)","('Is that a professional athlete?', 0.94)","('Are you a professional athlete?', 0.92)",,,,,,,,,,,,,,,,,,,,,,,,,,,,,,,,,,,,
24,"(""What is around the baby's neck?"", 1.0)","(""What's around the baby's neck?"", 1.0)","(""What is on the baby's neck?"", 0.97)","(""What was on the baby's neck?"", 0.96)","(""What's on the baby's neck?"", 0.96)","(""What's in the baby's neck?"", 0.96)","(""What is in a baby's neck?"", 0.95)","(""What's with the baby's neck?"", 0.94)","(""What's the baby's neck?"", 0.94)","(""What's around the child's neck?"", 0.94)","(""What is around the child's neck?"", 0.94)","(""What is there about a baby's neck?"", 0.94)","(""What was there about the infant's neck?"", 0.94)","(""What is on the child's neck?"", 0.93)","(""What is involved in the baby's neck?"", 0.93)","(""What surrounds a child's neck?"", 0.92)","(""What surrounded the child's neck?"", 0.92)","('What is it that is all around the neck of the baby?', 0.92)","(""What's on the kid's neck?"", 0.92)","('What is the neck of the baby?', 0.92)","(""What is in the child's neck?"", 0.92)","(""What is about the child's neck?"", 0.92)","(""What is involved in the child's neck?"", 0.91)","(""What is on a child's neck?"", 0.91)","(""What is happening to the baby's neck?"", 0.91)","(""What happens to the baby's neck?"", 0.91)","(""What is the child's neck?"", 0.91)","(""What is next to the child's neck?"", 0.91)",,,,,,,,,,,,,
25,"(""What is around the man's neck?"", 1.0)","(""What's around the man's neck?"", 1.0)","(""What's around that man's neck?"", 0.99)","(""What was around the man's neck?"", 0.99)","(""What is on the man's neck?"", 0.96)","(""What surrounds the man's neck?"", 0.96)","(""What's around his neck?"", 0.96)","(""What is it that surrounds the man's neck?"", 0.96)","(""What is in the man's neck?"", 0.95)","(""What surrounds this man's neck?"", 0.95)","(""What is here on the man's neck?"", 0.95)","(""What was on the man's neck?"", 0.95)","(""What's on the man's neck?"", 0.95)","(""What surrounded the man's neck?"", 0.94)","(""What is it about the man's neck?"", 0.94)","(""What's on that guy's neck?"", 0.94)","(""What is in man's neck?"", 0.93)","(""What is next to the man's neck?"", 0.93)","(""What is a man's neck?"", 0.92)","(""What's with the man's neck?"", 0.92)","('What does the man do on his neck?', 0.92)","(""What is the man's neck?"", 0.92)","(""What's the man's neck?"", 0.92)","(""What's on his neck?"", 0.92)","(""What is this man's neck?"", 0.92)","(""What features of the man's neck?"", 0.92)","(""What's that man got on his neck?"", 0.91)","(""What was the man's neck?"", 0.91)","(""What about the man's neck?"", 0.91)",,,,,,,,,,,,
26,"('Was that an airplane in the image?', 1.0)","('Is that an airplane in the image?', 1.0)","('Is that an airplane in the picture?', 0.99)","('Was it an airplane in this image?', 0.99)","('Was that airplane in the image?', 0.99)","('Is it an airplane in the image?', 0.99)","('Is that an airplane of the image?', 0.99)","('Is this an airplane in the picture?', 0.98)","('Is it an airplane in an image?', 0.98)","('Was the airplane an airplane in the image?', 0.97)","('Are the airplane in the image?', 0.97)","('Is there an airplane in the picture?', 0.97)","('Is this an airplane to the image?', 0.96)","('Is that like an airplane?', 0.95)","('Is it an airplane?', 0.95)","('Was this a plane in the image?', 0.95)","('Does that airplane operate in the picture?', 0.94)","('Is that a plane on the picture?', 0.94)","('Is this a plane on the picture?', 0.94)","('Is that a plane in the picture?', 0.94)","('Was it a plane on the image?', 0.94)","('Is it a plane in the picture?', 0.94)","('Is this a plane on the image?', 0.94)","('Was the plane in the image?', 0.94)","('Is that a plane in the image?', 0.93)","('Is this a plane in the image?', 0.93)","('Is it a plane in the image?', 0.93)","('Is he an airplane in the image?', 0.93)","('Is it the plane in the picture?', 0.93)","('Is that the plane in the picture?', 0.93)","('Is that a plane in that image?', 0.93)","('Is there a plane in the image?', 0.92)","('Is the plane in the image?', 0.92)","('Is that a picture of a plane?', 0.92)","('Is it the plane in the image?', 0.92)","('Is it a photo - like airplane?', 0.91)","('Is that what the plane is in the image?', 0.91)","('Is that a plane?', 0.91)",,,
27,"(""What is on the boy's hand?"", 1.0)","(""What was on the boy's hand?"", 0.99)","(""What's on the boy's hand?"", 0.99)","(""What is the boy's hand?"", 0.95)","(""What is in the boy's hand?"", 0.94)","(""What is at the boy's hand?"", 0.94)","(""What was the boy's hand?"", 0.94)","(""What about the boy's hand?"", 0.94)","(""What's in the boy's hand?"", 0.94)","(""What's at the boy's hand?"", 0.93)","(""What was in the boy's hand?"", 0.93)","(""What's over the boy's hand?"", 0.91)","(""What is this young man's hand?"", 0.91)",,,,,,,,,,,,,,,,,,,,,,,,,,,,
28,"('Are there bicycles?', 1.0)","('Are There bicycles?', 1.0)","('Are There Bicycles?', 1.0)","('Are there bicycles in there?', 0.95)","('Is there bicycle?', 0.92)","('Are there bikes?', 0.92)","('Is there bikes?', 0.92)","('Is there a bicycle?', 0.91)",,,,,,,,,,,,,,,,,,,,,,,,,,,,,,,,,
29,"('Is the umpire at home plate?', 1.0)","('Is the umpire on the plate at home?', 0.97)","('Is there a umpire on the plate at home?', 0.96)",,,,,,,,,,,,,,,,,,,,,,,,,,,,,,,,,,,,,,
30,"('Are there stones behind the bear?', 1.0)","('Is there stones behind the bear?', 1.0)","('Is there stones behind a bear?', 0.99)","('Are there stones behind a bear?', 0.99)","('Are there any stones behind the bear?', 0.98)","('Are there stones behind that bear?', 0.98)","('Have stones behind the bear?', 0.97)","('Were some stones behind the bear?', 0.97)","('Is there any stone behind the bear?', 0.94)","('Is there a stone behind the bear?', 0.93)","('Are There Stones for the Bear?', 0.93)",,,,,,,,,,,,,,,,,,,,,,,,,,,,,,
31,"('Do they appear to be competing against each other?', 1.0)","('Do they seem to be competing against each other?', 0.99)","('Do they seem to be competing against one another?', 0.99)","(""Does it look like they're competing against each other?"", 0.98)","('Would they seem to be competing against each other?', 0.98)","('Do they seem to compete against each other?', 0.97)","('Do they seem to compete against one another?', 0.97)","(""Do they look like they're competing against each other?"", 0.97)","('Do they compete against one another?', 0.95)","('Are they like to compete against each other?', 0.94)","('Do they seem to be competing with each other?', 0.94)","(""Does it look like they're competing with each other?"", 0.93)","('Do they seem to be competing?', 0.93)","('Do they seem to be competing with one another?', 0.92)","(""Does it sound like they're competing with each other?"", 0.91)",,,,,,,,,,,,,,,,,,,,,,,,,,
32,"('Is a website sponsoring this game?', 1.0)","('Is the website sponsoring this game?', 0.99)","('Does a website sponsor this game?', 0.96)","('Does the website sponsor this game?', 0.95)","('Is the website a sponsor of this game?', 0.95)","('Is this game sponsoring website?', 0.94)","('A website sponsors this game?', 0.94)","('Does this game sponsor a website?', 0.94)","('The website is sponsoring this game?', 0.94)","('Do website sponsor this game?', 0.93)","('Is it a website that sponsors this game?', 0.92)","('Is this a sponsored website for this game?', 0.92)","('Are we sponsoring this game on the website?', 0.92)","('Is there a website that sponsored this game?', 0.91)",,,,,,,,,,,,,,,,,,,,,,,,,,,
33,"('What color is the court?', 1.0)","('What color was the court?', 0.99)","('Which color is the court?', 0.98)","('What color does the Court have?', 0.97)","('What color does the court have?', 0.97)","('What color do the court have?', 0.96)","('What color does this court have?', 0.96)","('What is the color of the court?', 0.96)","('What color is there in the court?', 0.95)","('What was the color of the court?', 0.95)","(""What is the court's color?"", 0.95)","('What is the court color?', 0.94)","('What color did the court have?', 0.94)","('What color does the court represent?', 0.93)","('What color is the court color?', 0.93)","('What is this court color?', 0.92)","('What was the color of the courts?', 0.91)",,,,,,,,,,,,,,,,,,,,,,,,
34,"('What color is the plants?', 1.0)","('What color are the plants?', 1.0)","('What color are plants?', 0.99)","('What color are these plants?', 0.99)","('What color is the plant?', 0.98)","('What color do the plants have?', 0.98)","('What color do these plants have?', 0.98)","('What color is there for plants?', 0.97)","('What color do those plants have?', 0.97)","('What color do plants have?', 0.97)","('What are the color of plants?', 0.96)","('What is the color of plants?', 0.96)","('What is the color of the plant?', 0.95)","('What is the colour of the plants?', 0.94)","('What colour is a plant?', 0.92)",,,,,,,,,,,,,,,,,,,,,,,,,,
35,"('Is the Man sleeping?', 1.0)","('Is this man sleeping?', 1.0)","('Is the man sleeping?', 1.0)","('Was the man sleeping?', 0.99)","('Is that man sleeping?', 0.99)","('Was this man sleeping?', 0.99)","('Was that man sleeping?', 0.99)","('Is man sleeping?', 0.99)","('Is the man sleep?', 0.99)","('Did the man sleep?', 0.98)","('Does that man sleep?', 0.98)","('Is the man asleep?', 0.98)","('Does the man sleep?', 0.98)","('Is he sleeping?', 0.98)","('Was the man asleep?', 0.97)","('Is man asleep?', 0.97)","('Is this man asleep?', 0.97)","('The man sleeping?', 0.97)","('Is that man asleep?', 0.97)","('Was that man asleep?', 0.97)","('Is a man asleep?', 0.97)","('Do the man sleeps?', 0.97)","('Is the guy asleep?', 0.97)","('Did this man sleep?', 0.97)","('Was he sleeping?', 0.97)","('Did a man sleep?', 0.97)","('Is that guy asleep?', 0.96)","('Does man sleep?', 0.96)","('The man sleeps?', 0.96)","('Does he sleep?', 0.95)","('Is he asleep?', 0.94)","('Did he sleep?', 0.93)","('Did man fall asleep?', 0.93)","('Was he asleep?', 0.93)","('Is the person sleeping?', 0.91)",,,,,,
36,"('Would it be considered an old fashion bathroom?', 1.0)","('Would this be considered an old fashion bathroom?', 1.0)","('Would that be considered an old fashion bathroom?', 1.0)","('Will that be considered as an old fashion bathroom?', 0.99)","('Is this considered an old fashion bathroom?', 0.99)","('Does this count as an old fashion bathroom?', 0.97)","('Would this be considered an old bathroom?', 0.97)","('Could this be considered an old bathroom of fashion?', 0.97)","('Would this be viewed as an old bathroom?', 0.96)","('Would it be considered an old bathroom?', 0.96)","('Would this be considered an old-fashioned bathroom?', 0.96)","('Would this be considered an old - fashioned bathroom?', 0.96)","('Would that be considered an old fashioned bathroom?', 0.95)","('Could it be considered an old bathroom?', 0.95)","('Is it considered an old bathroom?', 0.95)","('Would this be considered an old fashion bath room?', 0.94)","('Would this be viewed as an old fashion toilet?', 0.93)","('Was it an old bathroom?', 0.93)","('Will it be considered an old fashion bathtub?', 0.93)","('Would this be an old fashion bath room?', 0.92)","('Would this be considered an old fashion bath?', 0.91)",,,,,,,,,,,,,,,,,,,,
37,"('What kind of cat is that?', 1.0)","('What kind of cat is it?', 0.99)","('What kind of cat is this?', 0.99)","('What kind of a cat is that?', 0.99)","('What kind of cat?', 0.98)","('What is this cat?', 0.96)","(""Who's that cat?"", 0.93)","('What cat?', 0.93)","('Is that a cat?', 0.93)","('What kind of cats?', 0.92)","(""Who's the cat?"", 0.92)",,,,,,,,,,,,,,,,,,,,,,,,,,,,,,
38,"('What is the color of the bears apron?', 1.0)","(""What's the color of the bears' apron?"", 0.97)","(""What's the color of the bear apron?"", 0.96)","('What is the color of the bear apron?', 0.96)","('What is the color of the apron bears?', 0.94)","('What color is the apron of bears?', 0.94)","(""What's the color of bear apron?"", 0.94)","('What color is the bear apron?', 0.94)","(""What color is the bear's apron?"", 0.93)","(""What's the colour of the bear apron?"", 0.93)","('What is the colour of the bear apron?', 0.93)","('What is the colour of the apron for bears?', 0.93)","('What color is a bear apron?', 0.92)","('What is the color of the apron bear?', 0.91)",,,,,,,,,,,,,,,,,,,,,,,,,,,
39,"('Are the windows of the building open?', 1.0)","('Is the windows of the building open?', 1.0)","('Are the windows of a building open?', 0.99)","('Are the windows in the building open?', 0.99)","('Are the windows to the building open?', 0.99)","('Are windows of building open?', 0.98)","('Is the building windows open?', 0.98)","('Are the windows open in the building?', 0.98)","('Are the building windows open?', 0.98)","('Did the windows in the building open?', 0.97)","('Were the building windows open?', 0.97)","('The windows of the building are open?', 0.96)","('Can the windows of a building be open?', 0.96)","('Are the windows open to the building?', 0.95)","('Are building windows open?', 0.93)","('Is the windows open?', 0.92)","('Is the windows of the hall open?', 0.92)","('Are the windows open?', 0.92)","('Were the windows open?', 0.92)","('Are windows open?', 0.91)","('Are the windows of the construction work open?', 0.91)",,,,,,,,,,,,,,,,,,,,
40,"('Where is the mirror?', 1.0)","(""Where's the mirror?"", 0.99)","('Where is this mirror?', 0.98)","('Where is a mirror?', 0.98)","('Where was the mirror?', 0.98)","('Where is mirror?', 0.97)","('Where was a mirror?', 0.97)","('Where was this mirror?', 0.97)","('Where is the mirror located?', 0.93)","('What is the mirror?', 0.92)","('Where does the mirror contain a mirror?', 0.92)","('Where do you find a mirror?', 0.91)",,,,,,,,,,,,,,,,,,,,,,,,,,,,,
41,"('Is this picture real?', 1.0)","('Is this photo real?', 0.97)","('Is this real picture?', 0.96)","('Does this be a real picture?', 0.95)","('Is this image real?', 0.95)","('Is the image real?', 0.95)","('Is that real picture?', 0.94)","('Is this picture true?', 0.91)",,,,,,,,,,,,,,,,,,,,,,,,,,,,,,,,,
42,"('What is wrapped around the sandwich?', 1.0)","(""What's wrapped around the sandwich?"", 0.99)","('What is wrapped in the sandwich?', 0.98)","(""What's wrapped around a sandwich?"", 0.98)","(""What's involved in the sandwich?"", 0.91)","(""What's around the sandwich?"", 0.91)","(""What's entangled in the sandwich?"", 0.91)",,,,,,,,,,,,,,,,,,,,,,,,,,,,,,,,,,
43,"('What is the cat doing?', 1.0)","(""What's the cat doing?"", 1.0)","(""What's a cat doing?"", 0.98)","(""What's that cat doing?"", 0.98)","('What does this cat do?', 0.96)","('What does a cat do?', 0.96)","('What does the cat do?', 0.95)","('What did the cat do?', 0.94)","('What are the cats doing?', 0.93)","('What is the cat to do?', 0.93)","('What cat is the cat?', 0.92)",,,,,,,,,,,,,,,,,,,,,,,,,,,,,,
44,"('Is the baby wearing stripes?', 1.0)","('Does the baby wear stripes?', 0.99)","('Is the baby with stripes?', 0.98)","('Is the baby wearing the stripes?', 0.98)","('Is the child wearing stripes?', 0.95)",,,,,,,,,,,,,,,,,,,,,,,,,,,,,,,,,,,,
45,"('What is the girl standing on?', 1.0)","(""What's the girl standing on?"", 0.99)","(""What's that girl standing on?"", 0.97)","(""What's the girl stood on?"", 0.96)","('What is the girl standing?', 0.96)","(""What's the girl standing at?"", 0.95)","(""What's she standing on?"", 0.95)","('What was the girl standing?', 0.94)","('What is the woman standing?', 0.94)","('What is the girl standing before?', 0.93)","(""Who's the girl standing?"", 0.92)","(""What's the girl standing in?"", 0.92)","('On what was she standing?', 0.91)","('On whom does this girl stand?', 0.91)","('What girl was standing there?', 0.91)",,,,,,,,,,,,,,,,,,,,,,,,,,
46,"('Are there any people?', 1.0)","('Is there any people?', 0.99)","('Are there people?', 0.96)","('Are there any people here?', 0.95)","('Is there a people?', 0.94)","('Are there people there?', 0.94)","('Is there people?', 0.94)","('Are there some people?', 0.93)","('Are there any person?', 0.93)","('Were people there?', 0.92)","('Is there any human?', 0.92)","('Is there some people?', 0.91)",,,,,,,,,,,,,,,,,,,,,,,,,,,,,
47,"('What pattern is the fabric of the couch?', 1.0)","('What pattern is the fabric on the couch?', 0.99)","('What pattern is the couch cloth?', 0.92)","(""What's the couch fabric?"", 0.92)","('Which pattern is the fabric of the sofa?', 0.91)",,,,,,,,,,,,,,,,,,,,,,,,,,,,,,,,,,,,
48,"('How many bananas are in this picture?', 1.0)","('How many bananas are there in this picture?', 1.0)","('How many bananas are in the picture?', 1.0)","('How many bananas are found in this picture?', 0.99)","('How many bananas in this picture?', 0.99)","('How many bananas is this picture?', 0.99)","('How many bananas are included?', 0.96)","('How much bananas are there in this situation?', 0.94)",,,,,,,,,,,,,,,,,,,,,,,,,,,,,,,,,
49,"('What type of area is this?', 1.0)","('What kind of area is this?', 0.98)","('What sort of area is that?', 0.97)","('What kind of area is this area?', 0.97)","('What is this kind of area?', 0.95)","('What is that area?', 0.93)","('What is the area?', 0.93)","(""What's this area?"", 0.92)","('What is this area?', 0.92)","('Which area is that?', 0.91)",,,,,,,,,,,,,,,,,,,,,,,,,,,,,,,
50,"('What does the word on the front of the bus mean?', 1.0)","('What does the word at the front of the bus mean?', 0.97)","(""What's the word on the front of the bus?"", 0.96)","('What does that word mean on the front of a bus?', 0.95)","('What did the expression on the front of the bus mean?', 0.95)","('What does that word mean at the front of the bus?', 0.94)",,,,,,,,,,,,,,,,,,,,,,,,,,,,,,,,,,,
51,"('What is the elephant doing?', 1.0)","(""What's the elephant doing?"", 0.99)","(""What's that elephant doing?"", 0.98)","(""What's an elephant doing?"", 0.98)","('What does the elephant do?', 0.96)","('What does an elephant do?', 0.96)","('What does elephant do?', 0.94)","('What is the elephant to do?', 0.92)","('What should an elephant do?', 0.91)",,,,,,,,,,,,,,,,,,,,,,,,,,,,,,,,
52,"('Is anyone wearing a blue shirt?', 1.0)","('Does anyone wear a blue shirt?', 0.98)","('Does anybody have a blue shirt?', 0.98)","('Does anyone have a blue shirt?', 0.98)","('Anyone wearing a blue shirt?', 0.97)","('Anybody wearing a blue shirt?', 0.96)","('Is there someone who wears a blue shirt?', 0.96)","('Anybody in a blue shirt?', 0.96)","('Is there someone wearing a blue shirt?', 0.96)","('Was there a blue shirt?', 0.95)","('Does anyone use a blue shirt?', 0.94)","('Does anyone wear blue shirts?', 0.94)","('Was he wearing a blue shirt?', 0.94)","('Is there someone dressed in a blue shirt?', 0.94)","('Is anyone wearing blue clothing?', 0.93)","('Is there anyone wearing blue?', 0.93)","('Is anyone wearing a blue garment?', 0.92)","('Anybody got a blue shirt?', 0.92)","('Was anyone wearing a blue garment?', 0.91)","('Does anyone wear blue clothing?', 0.91)",,,,,,,,,,,,,,,,,,,,,
53,"('Is this a baseball field?', 1.0)","('Is this the baseball field?', 0.99)","('Is this baseball field?', 0.99)","('Is that a baseball field?', 0.99)","('Is it a baseball field?', 0.99)","('Is this a field of baseball?', 0.98)","('This is a baseball field?', 0.97)","('Is this baseball territory?', 0.91)",,,,,,,,,,,,,,,,,,,,,,,,,,,,,,,,,
54,"('What kind of room is this?', 1.0)","('What sort of room is this?', 1.0)","('What type of room is this?', 0.99)","('What kind of room is that?', 0.99)","('What kind of room is it?', 0.98)","('What kind of room?', 0.98)","('What kind of room was that?', 0.98)","('What kind of room this room?', 0.98)","('What room is this?', 0.98)","('What is this kind of room?', 0.97)","('What is this type of room?', 0.97)","('What is that room?', 0.95)","('What is this room?', 0.95)","('What is the room?', 0.95)","(""What's this room?"", 0.95)","('What about this room?', 0.91)","('Such a room?', 0.91)",,,,,,,,,,,,,,,,,,,,,,,,
55,"('What color is the table top?', 1.0)","('What color is the top of the table?', 0.95)","('What color is on the top of the table?', 0.93)","('What color is on top of the table?', 0.93)","('What color is the top table?', 0.93)","('What is the color on the top of the table?', 0.92)",,,,,,,,,,,,,,,,,,,,,,,,,,,,,,,,,,,
56,"('What color is the zebra?', 1.0)","('What color is a zebra?', 0.99)","('What color is zebra?', 0.99)","('Which color is the zebra?', 0.99)","('What is the color of the zebra?', 0.98)","('What color does the zebra have?', 0.98)","('What color is the zebras?', 0.98)","('What color is zebras?', 0.97)","('What color are zebras?', 0.97)","(""What is the zebra's color?"", 0.97)","('What colors do zebras have?', 0.92)",,,,,,,,,,,,,,,,,,,,,,,,,,,,,,
57,"('What trick is he doing?', 1.0)","('What kind of trick is he doing?', 0.98)","('What trick does he make?', 0.95)","('What kind of trick does he do?', 0.95)","('What trick does he employ?', 0.94)","('What kind of trick did he do?', 0.94)","('What trick are you doing?', 0.93)","('What trick does it do?', 0.92)","('What trick does it make?', 0.91)",,,,,,,,,,,,,,,,,,,,,,,,,,,,,,,,
58,"('Is a man about to get hurt?', 1.0)","('Is the man about to get hurt?', 1.0)","('Is this man about to get hurt?', 0.99)","('Is that man about to get hurt?', 0.99)","('Is the man going to get hurt?', 0.98)","('Is the man about to be hurt?', 0.98)","('Is this man about to be hurt?', 0.97)","('Is that man gonna get hurt?', 0.96)","('Is this man gonna get hurt?', 0.96)","('Is this guy gonna get hurt?', 0.96)","('Will the man get hurt?', 0.94)","('Is he gonna get hurt?', 0.92)","('Is the man soon to get hurt?', 0.91)",,,,,,,,,,,,,,,,,,,,,,,,,,,,
59,"('Is this baseball player holding a bat?', 1.0)","('Is this baseball player holding the bat?', 0.99)","('Is that baseball player holding a bat?', 0.99)","('Does this baseball player hold a bat?', 0.99)","('Is that the baseball player holding a bat?', 0.98)","('Is that baseball player holding the bat?', 0.98)","('Is it a baseball player holding a bat?', 0.98)","('Did the baseball player hold a bat?', 0.98)","('Is the baseball player holding the bat?', 0.97)","('Is he a baseball player holding a bat?', 0.97)","('Does the baseball player hold the bat?', 0.96)","('Does this baseball player have a bat in his hand?', 0.95)","('Is this baseball player with a bat in hand?', 0.95)","('Is this baseball player a bat holding?', 0.95)","('Is the baseball player wearing a bat?', 0.94)","('Does the baseball player have a bat?', 0.94)","('Does this baseball player have a bat?', 0.94)","('Did this baseball player have a bat?', 0.93)","('Is the baseball player having a bat?', 0.93)","('Does that baseball player have a bat?', 0.93)","('Is this baseball bat holding player?', 0.91)",,,,,,,,,,,,,,,,,,,,
60,"('Was this a hospital?', 1.0)","('Is this a hospital?', 1.0)","('Is this the hospital?', 0.99)","('Is that a hospital?', 0.98)","('Is this hospital?', 0.98)","('Is it a hospital?', 0.98)","('Is this hospital a hospital?', 0.98)","('Is the hospital a hospital?', 0.97)","('Was this hospital?', 0.97)","('Was it a hospital?', 0.97)","('Is this at the hospital?', 0.96)","('Was the hospital a hospital?', 0.96)","('Is he a hospital?', 0.96)","('Is that the hospital?', 0.96)","('Could this be at the hospital?', 0.96)","(""It's a hospital?"", 0.95)","('Is the hospital?', 0.95)","('Is this in the hospital?', 0.95)","('Was this in the hospital?', 0.94)","('Does that mean that in the hospital?', 0.93)","('Is it in the hospital?', 0.93)","('Is that just a hospital?', 0.92)","('Is the hospital the hospital mentioned?', 0.92)","('Does this mean that we are in a hospital?', 0.92)",,,,,,,,,,,,,,,,,
61,"('What bank is sponsoring the venue?', 1.0)","('Which bank sponsors the venue?', 0.97)","('What bank sponsors the place?', 0.94)","('Which bank is sponsoring the place?', 0.94)","('Which bank is sponsoring the location?', 0.93)","('Which bank sponsors this place?', 0.93)","('Which bank is sponsoring this place?', 0.93)","('Which bank sponsors the place?', 0.93)","('What bank sponsors this place?', 0.93)","('Which bank sponsors the location?', 0.92)",,,,,,,,,,,,,,,,,,,,,,,,,,,,,,,
62,"('What color are the traffic lights?', 1.0)","('What color are traffic lights?', 0.99)","('What color is traffic lights?', 0.99)","('What color is the traffic light?', 0.98)","('What color do traffic lights have?', 0.98)","('What is the color of traffic lights?', 0.97)","('What is the color of the traffic lights?', 0.97)","(""What's the color of traffic lights?"", 0.96)","(""What's the color of the traffic lights?"", 0.96)","('What colors do traffic lights have?', 0.94)","('What color are the light of traffic light?', 0.94)","('What colour are the traffic lights?', 0.94)","('What colour are traffic lights?', 0.93)","('What color do road lights have?', 0.91)",,,,,,,,,,,,,,,,,,,,,,,,,,,
63,"('What color is the sink?', 1.0)","('What color was the sink?', 0.99)","('What is the color of the sink?', 0.97)","('What color is on the sink?', 0.97)","(""What's the color of the sink?"", 0.96)","('What is the colour of the sink?', 0.92)",,,,,,,,,,,,,,,,,,,,,,,,,,,,,,,,,,,
64,"('What game is this?', 1.0)","('What game is that?', 0.99)","('What game is it?', 0.98)","('What kind of game is this?', 0.98)","('What is that game?', 0.97)","(""What's this game?"", 0.96)","('What is this game?', 0.96)","('What game?', 0.96)","('What was this game?', 0.95)","('What type of game is it?', 0.95)","('Which game is it?', 0.94)","(""What's the game?"", 0.93)","('Which game?', 0.92)","('What was this a game?', 0.92)",,,,,,,,,,,,,,,,,,,,,,,,,,,
65,"('What is the man catching?', 1.0)","(""What's the man catching?"", 0.99)","(""What's this man catching?"", 0.97)","(""What's he catching?"", 0.95)",,,,,,,,,,,,,,,,,,,,,,,,,,,,,,,,,,,,,
66,"('How many people are in the image?', 1.0)","('How many people are there in the image?', 0.99)","('How many people is in the image?', 0.99)","('How many people are in this image?', 0.99)","('How many people were in the image?', 0.99)","('How many people are there in the picture?', 0.98)","('How many people are in that picture?', 0.98)","('How many people are in the picture?', 0.98)","('How many people are in this picture?', 0.98)","('How many people are included in the image?', 0.97)","('How many people are in an image?', 0.97)","('How many people in that image?', 0.97)","('How many people are in the image of that image?', 0.97)","('How many are people in the picture?', 0.97)","('How many people are there in this picture?', 0.97)","('How many people in the picture?', 0.97)","('How many people were on the image?', 0.97)","('How many people are pictured?', 0.96)","('How many humans are on this image?', 0.93)","('How many humans are in this image?', 0.93)","('How many humans are in the image?', 0.92)","('How do many people in the image?', 0.91)","('How many people are there?', 0.91)",,,,,,,,,,,,,,,,,,
67,"(""What's the weather like in the picture?"", 1.0)","('What is the weather like in this picture?', 1.0)","('What is the weather like in the picture?', 1.0)","(""What's the weather like in that picture?"", 0.99)","('What does the weather look like in the picture?', 0.98)","(""What's the weather like in the photo?"", 0.98)","('What is the weather in this picture?', 0.97)","(""What's the weather on the picture?"", 0.97)","(""What's the weather in the photo like?"", 0.97)","('What is the weather in the picture?', 0.97)","(""What's the weather in the picture?"", 0.96)","('What about the weather in the picture?', 0.95)","('What is the weather as a picture?', 0.94)","('What does the weather look like?', 0.94)","('What is the weather like in the illustration?', 0.94)","('What is the weather situation in the picture?', 0.94)","('What is the weather like?', 0.92)","('How is the weather like the picture?', 0.92)","('What is the condition of the weather in the picture?', 0.92)","('How is the weather in the picture?', 0.91)",,,,,,,,,,,,,,,,,,,,,
68,"('What is in the oven?', 1.0)","(""What's in the oven?"", 1.0)","('What is there in the oven?', 0.97)","('What is inside the oven?', 0.96)",,,,,,,,,,,,,,,,,,,,,,,,,,,,,,,,,,,,,
69,"(""What brand is the catcher's shoes?"", 1.0)","(""What brand are the catcher's shoes?"", 1.0)","('What brand are the shoes of the catcher?', 0.98)","('What brand are the catcher shoes?', 0.98)","('What are the brand of shoes the catcher?', 0.96)","(""What kind are the catcher's shoes?"", 0.95)","('What make are catcher shoes?', 0.93)","(""What's the name of the catcher's shoes?"", 0.92)","(""What is the mark of the catcher's shoes?"", 0.91)",,,,,,,,,,,,,,,,,,,,,,,,,,,,,,,,
70,"('What is the man in the red shirt holding?', 1.0)","(""What's the man in the red shirt holding?"", 0.99)","(""What's the guy in the red shirt holding?"", 0.98)","(""What's the man with the red shirt holding?"", 0.98)","('What does this man in a red shirt hold?', 0.96)","(""What's the guy holding in the red shirt?"", 0.94)","(""What's that guy holding in the red shirt?"", 0.94)","(""What's the man holding in the red shirt?"", 0.94)","(""What's a man holding in a red shirt?"", 0.92)","('What does the man hold in the red shirt?', 0.91)",,,,,,,,,,,,,,,,,,,,,,,,,,,,,,,
71,"('How high is the plane in the sky?', 1.0)","('How high is the plane in the air?', 0.98)","('How high is the plane of the sky?', 0.97)","('How high is the plane?', 0.96)","('How high is the flying plane?', 0.96)","('How high is an airplane?', 0.94)","('How tall is the plane in the sky?', 0.94)","('How high is the plane in heaven?', 0.93)",,,,,,,,,,,,,,,,,,,,,,,,,,,,,,,,,
72,"('Is the giraffe taller than trees?', 1.0)","('Is the giraffe taller than the trees?', 0.99)","('Is it the giraffe taller than trees?', 0.99)","('Are giraffes taller than trees?', 0.98)","('Is the giraffe more tall than the trees?', 0.98)","('Is the giraffe higher than trees?', 0.97)","('Is the giraffe higher than the trees?', 0.97)","('Is the giraffe bigger than trees?', 0.96)","('Is the giraffe much larger than trees?', 0.96)","('Is the giraffe bigger than the trees?', 0.96)","('Is the giraffe longer than the trees?', 0.95)","('Is the giraffe longer than trees?', 0.95)","('Is the higher than giraffe trees?', 0.92)","('A giraffe longer than a tree?', 0.92)",,,,,,,,,,,,,,,,,,,,,,,,,,,
73,"('What is the green food on the plate?', 1.0)","('What is green food on the plate?', 0.99)","(""What's the green food on the plate?"", 0.99)","(""What's green food on the plate?"", 0.99)","('What is green food in the plate?', 0.99)","('What green food is on the plate?', 0.98)","(""What's that green food on the plate?"", 0.98)","('What is the green food on the plates?', 0.98)","(""What's green food on a plate?"", 0.97)","('What is green food on a plate?', 0.97)","('What is green food in the plates?', 0.97)","(""What's with the green food on the plate?"", 0.97)","(""How's the green food on the plate?"", 0.95)","('What is the green food on the table?', 0.93)","('What is the green dish on the plate?', 0.93)","('What is green food on the dish?', 0.92)","('What is a green dish on the plate?', 0.92)","('What is the green food at the dish?', 0.91)",,,,,,,,,,,,,,,,,,,,,,,
74,"('Are the cows eating the grass?', 1.0)","('Are the cows eat the grass?', 0.98)","('Are the cows eating grass?', 0.98)","('Do the cows eat the grass?', 0.97)","('Will the cows eat the grass?', 0.96)","('Are cows eating grass?', 0.96)","('The cows eat the grass?', 0.95)","('Did the cows eat grass?', 0.95)","('Do cows eat grass?', 0.92)","('Cows eat grass?', 0.91)",,,,,,,,,,,,,,,,,,,,,,,,,,,,,,,
75,"('Is this a real picture?', 1.0)","('Does this be a real picture?', 0.99)","('Is that a real picture?', 0.99)","('Is this picture real?', 0.96)","('Is that a real photo?', 0.96)",,,,,,,,,,,,,,,,,,,,,,,,,,,,,,,,,,,,
76,"('Is it six or twelve birds?', 1.0)","('Is it six to twelve birds?', 0.99)","('Are they six or twelve birds?', 0.99)","('Is it about six or twelve birds?', 0.99)","('Are there six or twelve birds?', 0.99)","('Is this six or twelve birds?', 0.99)","('Is that six or twelve birds?', 0.99)","('Is there six or twelve birds?', 0.99)","('Six or twelve birds?', 0.98)","('Are six or twelve birds?', 0.98)","('Is it six or 12 birds?', 0.98)","('Were they six or twelve birds?', 0.98)","('Were six birds or twelve?', 0.97)","('Is he six or twelve birds?', 0.97)","('Are they six or 12 birds?', 0.97)","('Six or 12 birds?', 0.96)","('Six birds or 12 birds?', 0.95)","('6 or 12 birds?', 0.94)",,,,,,,,,,,,,,,,,,,,,,,
77,"('How many windows do you see?', 1.0)","('How many windows can you see?', 0.98)","('How many windows did you see?', 0.98)","('How do many windows see?', 0.97)","('How many windows have you seen?', 0.97)","('How many windows do you view?', 0.97)","('How much windows do you see?', 0.96)","('How many windows do you find?', 0.95)","('How many windows do you have?', 0.95)","('How do you notice many windows?', 0.94)","('How many windows do you think?', 0.93)","('The amount of windows you see?', 0.93)",,,,,,,,,,,,,,,,,,,,,,,,,,,,,
78,"('What color is the tie?', 1.0)","('What is the color of the tie?', 0.99)","('Which color is the tie?', 0.99)","(""What's the color of the tie?"", 0.98)","('What color does the tie have?', 0.98)","('What color is that tie?', 0.98)","(""What's the tie color?"", 0.97)","('What color tie?', 0.97)","('What color does your tie have?', 0.96)",,,,,,,,,,,,,,,,,,,,,,,,,,,,,,,,
79,"('Why are the men in suits so overweight?', 1.0)","('Why are men in suits so overweight?', 0.99)","('Why are men so overweight in suits?', 0.98)","('Why are the men in such an overweight suit?', 0.96)","('Why do men in suits have so much weight?', 0.94)","('Why are people in suits so overweight?', 0.94)","('Why are the suits so overweight?', 0.93)","('Why are the men in suits so heavy?', 0.92)","('Why are men in suits so obese?', 0.92)",,,,,,,,,,,,,,,,,,,,,,,,,,,,,,,,
80,"('How many fruits are in this plate?', 1.0)","('How many fruits are there on this plate?', 1.0)","('How many fruits are on this plate?', 1.0)","('How many fruits are on the plate?', 0.99)","('How many fruits does this plate have?', 0.98)","('How many fruits are they on the plate?', 0.98)","('How many fruit is on this plate?', 0.97)","('How many fruit on this plate?', 0.96)","('How many fruit is there on this plate?', 0.96)","('How many fruit are there on this plate?', 0.96)","('How much fruit is there on this plate?', 0.95)","('How much fruit is on this plate?', 0.94)","('How much fruit is in this plate?', 0.94)","('How much fruit is available in this plate?', 0.94)","('How much fruit is there in this plate?', 0.94)","('How much fruit is available on the plate?', 0.93)","('How many fruits are there on this dish?', 0.93)","('How much fruit is found on the plates?', 0.92)","('How many fruits are contained on this table?', 0.92)","('How much fruit does this plate produce?', 0.91)","('How many fruits do they contain?', 0.91)","('How many fruits are on this fruit?', 0.91)","('How many fruits are there?', 0.91)","('How much fruit is produced in this plates?', 0.91)",,,,,,,,,,,,,,,,,
81,"('What colors decorate the cake?', 1.0)","('Which colors decorate the cake?', 0.99)","('What colors to decorate the cake?', 0.98)","('What colors will decorate the cake?', 0.98)","('What kind of colors decorate cake?', 0.98)","('What colors decorated the cake?', 0.97)","('What colors adorn the cake?', 0.97)","('What kind of colors adorn the cake?', 0.96)","('What colours decorate the cake?', 0.96)","('What color does the cake decorate?', 0.96)","('What colors do the cake adorn?', 0.96)","('What colors adorn this cake?', 0.96)","('What color decorated the cake?', 0.95)","('What colors are used to adorn cake?', 0.95)","('What color adorns the cake?', 0.94)","('What colors do you make for the cake?', 0.94)","('What color the cake?', 0.93)","('What color are they to decorate the cake?', 0.92)","('What color do the cake have?', 0.92)","('What color is the cake?', 0.91)","('What color color is made up of the cake?', 0.91)","('What color does the cake represent?', 0.91)","('What is the color of the cake?', 0.91)",,,,,,,,,,,,,,,,,,
82,"('How many pillows are seen?', 1.0)","('How many pillows were seen?', 1.0)","('How many pillows can be seen?', 0.99)","('How many pillows have been seen?', 0.98)","('How many pillows do you see?', 0.97)","('How many pillows can you see?', 0.96)","('How many pillows are views?', 0.95)","('How many pillows are there?', 0.94)","('How many pillows can be found?', 0.93)",,,,,,,,,,,,,,,,,,,,,,,,,,,,,,,,
83,"('What type of animal is in the scene?', 1.0)","('What kind of animal is in the scene?', 0.99)","('What kind of animal is there in the scene?', 0.98)","('What kind of animal is the scene?', 0.97)","('What type of animal is on the scene?', 0.96)","('What kind of animal is at the scene?', 0.95)","('What kind of animal is in the picture?', 0.94)","('What kind of animal is on the scene?', 0.93)","('What kind of animal is in the sight?', 0.93)",,,,,,,,,,,,,,,,,,,,,,,,,,,,,,,,
84,"('How many boats are in water?', 1.0)","('How many boats are in the water?', 1.0)","('How many boats are there in water?', 0.99)","('How many boats are there in the water?', 0.99)","('How many boats were on the water?', 0.99)","('How many boats were on water?', 0.98)","('How many boat is there in the water?', 0.97)","('How many boats are found in water?', 0.97)","('How many boats are there?', 0.96)","('How are many boats in the water?', 0.96)","('How many boats is the water?', 0.95)","('How many boats does water contain?', 0.91)",,,,,,,,,,,,,,,,,,,,,,,,,,,,,
85,"('What is the woman taking a picture of?', 1.0)","(""What's the woman taking a picture of?"", 1.0)","(""What's that woman taking a picture of?"", 0.99)","('What is the woman taking a picture of it?', 0.99)","(""What's the woman taking pictures of?"", 0.97)","('What does the woman take a picture of?', 0.97)","(""What's the woman taking a picture?"", 0.96)","(""What's this woman taking pictures of?"", 0.96)","(""What's a woman taking pictures of?"", 0.96)","(""What's that woman taking pictures of?"", 0.95)","('What does the woman taking the picture represent?', 0.92)","('What is the woman taking photos?', 0.92)","('What is the woman who takes the picture?', 0.91)","('Did the woman take pictures?', 0.91)",,,,,,,,,,,,,,,,,,,,,,,,,,,
86,"('Are these professional baseball players?', 1.0)","('Are those professional baseball players?', 0.99)","('Are these baseball professional players?', 0.98)","('Are they professional baseball players?', 0.98)","('Do these professional baseball players?', 0.98)","('Is this professional baseball player?', 0.95)","('Are the baseball players professional?', 0.94)",,,,,,,,,,,,,,,,,,,,,,,,,,,,,,,,,,
87,"('Is this food sweet?', 1.0)","('Was this food sweet?', 0.99)","('Is that food sweet?', 0.98)","('Were these food sweet?', 0.98)","('Is the food sweet?', 0.98)","('Is this sweet food?', 0.97)","('This food is sweet?', 0.95)","('Is that sweet food?', 0.95)","('Was this meal sweet?', 0.94)","('Was that sweet meal good?', 0.94)","('Is that piece of food sweet - inspiring?', 0.94)","('Is this meal sweet?', 0.94)",,,,,,,,,,,,,,,,,,,,,,,,,,,,,
88,"('Is this a modest young woman?', 1.0)","('Was this an modest young woman?', 0.99)","('Was this a modest young woman?', 0.99)","('Is it a modest young woman?', 0.99)","('Is she a modest young lady?', 0.98)","('Was it a modest young woman?', 0.98)","('Is this modest young woman?', 0.98)","('Is that a modest young woman?', 0.98)","('Is this a modest girl?', 0.98)","('Is she a modest young woman?', 0.98)","('Is this young woman modest?', 0.97)","('Is this what a modest young woman is?', 0.97)","('Is this a modest woman?', 0.97)","('Is that a young girl modest?', 0.96)","('Is this modest girl?', 0.96)","('Is that a modest woman?', 0.95)","('Is this woman modest?', 0.94)","('Was this modest woman?', 0.94)","('Was this modest woman a modest woman?', 0.93)","('Would this girl be modest?', 0.93)","('Was she modest?', 0.91)",,,,,,,,,,,,,,,,,,,,
89,"('Are these flowers artificial?', 1.0)","('Are those flowers artificial?', 1.0)","('Are the flowers artificial?', 0.99)","('Are these artificial flowers?', 0.99)","('Is the flowers artificial?', 0.99)",,,,,,,,,,,,,,,,,,,,,,,,,,,,,,,,,,,,
90,"('What is the book on?', 1.0)","(""What's the book on?"", 0.99)","(""What's the book in?"", 0.94)","(""What's the book?"", 0.93)","(""What's the book about?"", 0.93)","('What is the book about?', 0.93)","('What is the book?', 0.92)","(""What's that book about?"", 0.92)","('What book?', 0.92)","('What Is the Book?', 0.92)","('What is that book?', 0.91)","(""What's this book?"", 0.91)",,,,,,,,,,,,,,,,,,,,,,,,,,,,,
91,"('Is there a phone on the table?', 1.0)","('Is there a phone on a table?', 0.99)","('Is there a phone at the table?', 0.98)","('Do you have a phone on the table?', 0.96)","('Is there a cell phone on the table?', 0.96)","('Is there a phone call on the table?', 0.94)","('Is there a telephone on the table?', 0.91)",,,,,,,,,,,,,,,,,,,,,,,,,,,,,,,,,,
92,"('What are the kids in?', 1.0)","('What are the children in?', 0.97)",,,,,,,,,,,,,,,,,,,,,,,,,,,,,,,,,,,,,,,
93,"('Is the person alone?', 1.0)","('Is this person alone?', 0.99)","('Is a person alone?', 0.99)","('Is that person alone?', 0.98)","('Is that the person alone?', 0.96)","('Is there someone alone?', 0.95)",,,,,,,,,,,,,,,,,,,,,,,,,,,,,,,,,,,
94,"('Is the train 1 color?', 1.0)","('Is train 1 color?', 0.99)","('Is a train 1 color?', 0.98)","('Does the train have 1 - color color?', 0.95)","('Does the train represent 1 color?', 0.95)","('Is the color 1 train?', 0.95)","('Is the train color 1?', 0.95)","('Is this 1 color train?', 0.95)","('1 Is the train color?', 0.94)","('Is it a 1 color train?', 0.94)","('Is it the color of the train 1?', 0.94)","('Is it a 1-color train?', 0.94)","('1 is the color of the train?', 0.93)","('Does the train have 1 colors?', 0.93)","('Is the train made up of 1 colors?', 0.93)","('Is train 1 colored?', 0.93)","('Did the train have 1 colors?', 0.92)","('Train 1 color?', 0.91)",,,,,,,,,,,,,,,,,,,,,,,
95,"('Are the flowers open?', 1.0)","('Is the flowers open?', 0.99)","('Are Flowers Open?', 0.98)","('Are flowers open?', 0.98)","('The flowers are open?', 0.96)","('Does the flowers open?', 0.96)","('Did the flowers open?', 0.95)","('Is the open flowers?', 0.94)","('Will the flowers open?', 0.94)","('Are the flowers opened?', 0.93)","('Do flowers open?', 0.92)","('Are these flowers opened?', 0.92)","('Are flowers opened?', 0.91)","('Is flowers opened?', 0.91)",,,,,,,,,,,,,,,,,,,,,,,,,,,
96,"('What color is the sweater that this person is wearing?', 1.0)","('What color is the sweater that the person is wearing?', 1.0)","('What color is the sweater the person wears?', 0.99)","('What color is the sweater the person is wearing?', 0.99)","('What color is the sweater that a person wears?', 0.99)","('What color is the sweater that the person wears?', 0.99)","('What color is the sweater a person wears?', 0.98)","(""What color is that person's sweater wearing?"", 0.98)","('What is the color of the sweater that a person wears?', 0.98)","('What color is the sweater wearing?', 0.97)","('What color does the sweater wear?', 0.96)","('What color is the sweater?', 0.95)","('What color is that sweater?', 0.94)","('What color brings the sweater that the person wears?', 0.94)","(""What color is that guy's sweater he's wearing?"", 0.93)","('What color sweater is she wearing?', 0.92)",,,,,,,,,,,,,,,,,,,,,,,,,
97,"('What color jacket is the boy wearing?', 1.0)","('What color jacket does the boy wear?', 0.98)","('What color jacket does the boy have?', 0.98)","('What color is the jacket on the boy?', 0.97)","('What color jacket did the boy wear?', 0.97)","('The boy wore what color jacket?', 0.96)","(""What color is the boy's jacket?"", 0.96)","('What is the color jacket of the wearing boy?', 0.95)","('What colored jacket did the boy wear?', 0.94)","('What color coat is the boy wearing?', 0.93)","('What color coat is that boy wearing?', 0.92)","('Which color coat does the boy wear?', 0.91)",,,,,,,,,,,,,,,,,,,,,,,,,,,,,
98,"('What color is the bowl?', 1.0)","('Which color is the bowl?', 0.99)","('What color is that bowl?', 0.98)","('What color does the bowl have?', 0.98)","('What is the color of the bowl?', 0.97)","('What color does this bowl have?', 0.96)","('What was the color of that bowl?', 0.95)","('What is the colour of the bowl?', 0.93)",,,,,,,,,,,,,,,,,,,,,,,,,,,,,,,,,
99,"('Is the bear standing on ice?', 1.0)","('Is the bear standing on the ice?', 0.99)","('Is the bear standing in ice?', 0.99)","('Is a bear standing in ice?', 0.98)","('Does the bear stand in ice?', 0.97)","('Does the bear stand on ice?', 0.97)","('Does the bear stand on the ice?', 0.95)","('Does a bear stand on the ice?', 0.95)","('Is the bear on ice?', 0.94)","('Is the stand bear on ice?', 0.93)","('Is the bear standing on the top of the ice?', 0.92)",,,,,,,,,,,,,,,,,,,,,,,,,,,,,,
